{"loss": [33085687070720.0, 14765625.0], "val_loss": [74651.4609375, 2765.12158203125]}